{
  "model": "mbwr32",
  "reference": "Route-A: MBWR-32 coefficients for CH4 from Younglove & Ely (Appendix J)",
  "params": {
    "R": 0.083145, "R_unit": "L·bar·mol^-1·K^-1",
    "T_unit": "K", "rho_unit": "mol·L^-1", "p_unit": "bar",
    "rho_crit": 10.139, "rho_crit_unit": "mol·L^-1",
    "b_unit": "per Table 8",
    "b": {
      "b1": -5.98959755e+01,
      "b2": -2.34889017e+02,
      "b3": 3.75294077e+02,
      "b4": -3.959675227e+01,
      "b5": 1.127968037e+02,
      "b6": 3.963418917e+01,
      "b7": -1.677588822e+01,
      "b8": 9.24803575e+00,
      "b9": -2.81555675e+00,
      "b10": 4.48566271e-01,
      "b11": 7.19074435e-01,
      "b12": -8.47360948e-01,
      "b13": 2.264732805e-01,
      "b14": -7.977463146e-01,
      "b15": 1.097441667e+00,
      "b16": -4.366939878e-01,
      "b17": 1.19004948e+00,
      "b18": -4.167214023e+00,
      "b19": 1.226433308e+01,
      "b20": -1.464460743e+01,
      "b21": 8.31697292e+00,
      "b22": -1.79129465e+00,
      "b23": 1.586536757e-01,
      "b24": -3.742190293e-03,
      "b25": 7.46070714e-05,
      "b26": -5.0302265e-07,
      "b27": -6.02706268e+01,
      "b28": 5.36237812e+02,
      "b29": -4.04966077e+02,
      "b30": 5.129771667e+01,
      "b31": -2.455227817e+00,
      "b32": -1.164633223e+00
    }
  }
}
