{
  "model": "mbwr32",
  "reference": "Route-A: MBWR-32 coefficients for O2 extracted from thesis figure (G coefficients)",
  "params": {
    "R": 0.083145, "R_unit": "L·bar·mol^-1·K^-1",
    "T_unit": "K", "rho_unit": "mol·L^-1", "p_unit": "bar",
    "rho_crit": 13.63, "rho_crit_unit": "mol·L^-1",
    "b_unit": "per Table 8",
    "b": {
      "b1": -4.30876848e-03,
      "b2": -1.979591095e+00,
      "b3": -2.185689957e+01,
      "b4": -1.183653496e+02,
      "b5": -1.270736731e+02,
      "b6": 1.553064396e+03,
      "b7": 4.470453459e+04,
      "b8": -2.219279125e+01,
      "b9": 3.950452144e+02,
      "b10": -1.887605960e+01,
      "b11": 4.142973815e+01,
      "b12": -1.896759156e+01,
      "b13": -2.160604792e-01,
      "b14": -2.635561338e-02,
      "b15": -6.987050814e-04,
      "b16": 2.214544963e+00,
      "b17": -5.430596483e+00,
      "b18": 1.255765587e+01,
      "b19": -6.306498611e+00,
      "b20": 1.558239933e-03,
      "b21": -2.923735475e-02,
      "b22": 7.302059962e-02,
      "b23": -1.927746769e-01,
      "b24": 2.517140599e-01,
      "b25": -2.727167069e-01,
      "b26": 1.106453950e-01,
      "b27": -3.235295180e-02,
      "b28": -6.432585866e-02,
      "b29": 8.518223866e-02,
      "b30": -1.522375947e-01,
      "b31": 2.332469077e-01,
      "b32": -2.334998237e-06
    }
  }
}
